receptor,uniprot_id,pdb_id
AR,P10275,1E3G
AR,P10275,1GS4
AR,P10275,1T5Z
AR,P10275,1T63
AR,P10275,1T65
AR,P10275,1XJ7
AR,P10275,1XOW
AR,P10275,1XQ3
AR,P10275,1Z95
AR,P10275,2AM9
AR,P10275,2AMA
AR,P10275,2AMB
AR,P10275,2AO6
AR,P10275,2AX6
AR,P10275,2AX7
AR,P10275,2AX8
AR,P10275,2AX9
AR,P10275,2AXA
AR,P10275,2HVC
AR,P10275,2OZ7
AR,P10275,2PIO
AR,P10275,2PIP
AR,P10275,2PIQ
AR,P10275,2PIR
AR,P10275,2PIT
AR,P10275,2PIU
AR,P10275,2PIV
AR,P10275,2PIW
AR,P10275,2PIX
AR,P10275,2PKL
AR,P10275,2PNU
AR,P10275,2Q7I
AR,P10275,2Q7J
AR,P10275,2Q7K
AR,P10275,2Q7L
AR,P10275,2YHD
AR,P10275,2YLO
AR,P10275,2YLP
AR,P10275,2YLQ
AR,P10275,2Z4J
AR,P10275,3B5R
AR,P10275,3B65
AR,P10275,3B66
AR,P10275,3B67
AR,P10275,3B68
AR,P10275,3BTR
AR,P10275,3L3X
AR,P10275,3L3Z
AR,P10275,3RLJ
AR,P10275,3RLL
AR,P10275,3V49
AR,P10275,3V4A
AR,P10275,3ZQT
AR,P10275,4HLW
AR,P10275,4K7A
AR,P10275,4OEA
AR,P10275,4OED
AR,P10275,4OEY
AR,P10275,4OEZ
AR,P10275,4OFR
AR,P10275,4OFU
AR,P10275,4OGH
AR,P10275,4OH5
AR,P10275,4OH6
AR,P10275,4OHA
AR,P10275,4OIL
AR,P10275,4OIU
AR,P10275,4OJ9
AR,P10275,4OJB
AR,P10275,4OK1
AR,P10275,4OKB
AR,P10275,4OKT
AR,P10275,4OKW
AR,P10275,4OKX
AR,P10275,4OLM
AR,P10275,4QL8
AR,P10275,5CJ6
AR,P10275,5JJM
AR,P10275,5T8E
AR,P10275,5T8J
AR,P10275,5V8Q
AR,P10275,5VO4
AR,P10275,7ZTX
AR,P10275,7ZTZ
AR,P10275,7ZU1
AR,P10275,7ZU2
AR,P10275,8E1A
AR,P10275,8FGY
AR,P10275,8FGZ
AR,P10275,8FH0
AR,P10275,8FH1
AR,P10275,8FH2
AR,P10275,8RM6
AR,P10275,8RM7
AR,P10275,9GZD
CAR,Q14994,1XV9
CAR,Q14994,1XVP
COUP_TF1,P10589,2EBL
COUP_TF2,P24468,3CJW
DAX1,P51843,4RWV
EAR2,P10588,8C5L
ESR1,P03372,11SD
ESR1,P03372,11SE
ESR1,P03372,11SF
ESR1,P03372,11SG
ESR1,P03372,11SH
ESR1,P03372,11SI
ESR1,P03372,11SJ
ESR1,P03372,11ZU
ESR1,P03372,1A52
ESR1,P03372,1ERE
ESR1,P03372,1ERR
ESR1,P03372,1G50
ESR1,P03372,1GWQ
ESR1,P03372,1GWR
ESR1,P03372,1HCP
ESR1,P03372,1HCQ
ESR1,P03372,1L2I
ESR1,P03372,1PCG
ESR1,P03372,1QKT
ESR1,P03372,1QKU
ESR1,P03372,1R5K
ESR1,P03372,1SJ0
ESR1,P03372,1UOM
ESR1,P03372,1X7E
ESR1,P03372,1X7R
ESR1,P03372,1XP1
ESR1,P03372,1XP6
ESR1,P03372,1XP9
ESR1,P03372,1XPC
ESR1,P03372,1XQC
ESR1,P03372,1YIM
ESR1,P03372,1YIN
ESR1,P03372,1ZKY
ESR1,P03372,2AYR
ESR1,P03372,2B1V
ESR1,P03372,2B1Z
ESR1,P03372,2B23
ESR1,P03372,2BJ4
ESR1,P03372,2FAI
ESR1,P03372,2G44
ESR1,P03372,2G5O
ESR1,P03372,2I0J
ESR1,P03372,2IOG
ESR1,P03372,2IOK
ESR1,P03372,2JF9
ESR1,P03372,2JFA
ESR1,P03372,2LLO
ESR1,P03372,2LLQ
ESR1,P03372,2OCF
ESR1,P03372,2OUZ
ESR1,P03372,2P15
ESR1,P03372,2POG
ESR1,P03372,2Q6J
ESR1,P03372,2Q70
ESR1,P03372,2QA6
ESR1,P03372,2QA8
ESR1,P03372,2QAB
ESR1,P03372,2QE4
ESR1,P03372,2QGT
ESR1,P03372,2QGW
ESR1,P03372,2QH6
ESR1,P03372,2QR9
ESR1,P03372,2QSE
ESR1,P03372,2QXM
ESR1,P03372,2QXS
ESR1,P03372,2QZO
ESR1,P03372,2R6W
ESR1,P03372,2R6Y
ESR1,P03372,2YAT
ESR1,P03372,2YJA
ESR1,P03372,3CBM
ESR1,P03372,3CBO
ESR1,P03372,3CBP
ESR1,P03372,3DT3
ESR1,P03372,3ERD
ESR1,P03372,3ERT
ESR1,P03372,3HLV
ESR1,P03372,3HM1
ESR1,P03372,3L03
ESR1,P03372,3OS8
ESR1,P03372,3OS9
ESR1,P03372,3OSA
ESR1,P03372,3Q95
ESR1,P03372,3UU7
ESR1,P03372,3UUA
ESR1,P03372,3UUC
ESR1,P03372,3UUD
ESR1,P03372,4AA6
ESR1,P03372,4DMA
ESR1,P03372,4IU7
ESR1,P03372,4IUI
ESR1,P03372,4IV2
ESR1,P03372,4IV4
ESR1,P03372,4IVW
ESR1,P03372,4IVY
ESR1,P03372,4IW6
ESR1,P03372,4IW8
ESR1,P03372,4IWC
ESR1,P03372,4IWF
ESR1,P03372,4JC3
ESR1,P03372,4JDD
ESR1,P03372,4MG5
ESR1,P03372,4MG6
ESR1,P03372,4MG7
ESR1,P03372,4MG8
ESR1,P03372,4MG9
ESR1,P03372,4MGA
ESR1,P03372,4MGB
ESR1,P03372,4MGC
ESR1,P03372,4MGD
ESR1,P03372,4O6F
ESR1,P03372,4PP6
ESR1,P03372,4PPP
ESR1,P03372,4PPS
ESR1,P03372,4PXM
ESR1,P03372,4Q13
ESR1,P03372,4Q50
ESR1,P03372,4TUZ
ESR1,P03372,4TV1
ESR1,P03372,4XI3
ESR1,P03372,4ZN7
ESR1,P03372,4ZN9
ESR1,P03372,4ZNH
ESR1,P03372,4ZNS
ESR1,P03372,4ZNT
ESR1,P03372,4ZNU
ESR1,P03372,4ZNV
ESR1,P03372,4ZNW
ESR1,P03372,5AAU
ESR1,P03372,5AAV
ESR1,P03372,5ACC
ESR1,P03372,5AK2
ESR1,P03372,5DI7
ESR1,P03372,5DID
ESR1,P03372,5DIE
ESR1,P03372,5DIG
ESR1,P03372,5DK9
ESR1,P03372,5DKB
ESR1,P03372,5DKE
ESR1,P03372,5DKG
ESR1,P03372,5DKS
ESR1,P03372,5DL4
ESR1,P03372,5DLR
ESR1,P03372,5DMC
ESR1,P03372,5DMF
ESR1,P03372,5DP0
ESR1,P03372,5DRJ
ESR1,P03372,5DRM
ESR1,P03372,5DTV
ESR1,P03372,5DU5
ESR1,P03372,5DUE
ESR1,P03372,5DUG
ESR1,P03372,5DUH
ESR1,P03372,5DVS
ESR1,P03372,5DVV
ESR1,P03372,5DWE
ESR1,P03372,5DWG
ESR1,P03372,5DWI
ESR1,P03372,5DWJ
ESR1,P03372,5DX3
ESR1,P03372,5DXB
ESR1,P03372,5DXE
ESR1,P03372,5DXG
ESR1,P03372,5DXK
ESR1,P03372,5DXM
ESR1,P03372,5DXP
ESR1,P03372,5DXQ
ESR1,P03372,5DXR
ESR1,P03372,5DY8
ESR1,P03372,5DYB
ESR1,P03372,5DYD
ESR1,P03372,5DZ0
ESR1,P03372,5DZ1
ESR1,P03372,5DZ3
ESR1,P03372,5DZH
ESR1,P03372,5DZI
ESR1,P03372,5E0W
ESR1,P03372,5E0X
ESR1,P03372,5E14
ESR1,P03372,5E15
ESR1,P03372,5E19
ESR1,P03372,5E1C
ESR1,P03372,5EGV
ESR1,P03372,5EHJ
ESR1,P03372,5EI1
ESR1,P03372,5EIT
ESR1,P03372,5FQP
ESR1,P03372,5FQR
ESR1,P03372,5FQS
ESR1,P03372,5FQT
ESR1,P03372,5FQV
ESR1,P03372,5GS4
ESR1,P03372,5GTR
ESR1,P03372,5HYR
ESR1,P03372,5JMM
ESR1,P03372,5KCC
ESR1,P03372,5KCD
ESR1,P03372,5KCE
ESR1,P03372,5KCF
ESR1,P03372,5KCT
ESR1,P03372,5KCU
ESR1,P03372,5KCW
ESR1,P03372,5KD9
ESR1,P03372,5KR9
ESR1,P03372,5KRA
ESR1,P03372,5KRC
ESR1,P03372,5KRF
ESR1,P03372,5KRH
ESR1,P03372,5KRI
ESR1,P03372,5KRJ
ESR1,P03372,5KRK
ESR1,P03372,5KRL
ESR1,P03372,5KRM
ESR1,P03372,5KRO
ESR1,P03372,5N10
ESR1,P03372,5T0X
ESR1,P03372,5T1Z
ESR1,P03372,5T92
ESR1,P03372,5T97
ESR1,P03372,5TLD
ESR1,P03372,5TLF
ESR1,P03372,5TLG
ESR1,P03372,5TLL
ESR1,P03372,5TLM
ESR1,P03372,5TLO
ESR1,P03372,5TLP
ESR1,P03372,5TLT
ESR1,P03372,5TLU
ESR1,P03372,5TLV
ESR1,P03372,5TLX
ESR1,P03372,5TLY
ESR1,P03372,5TM1
ESR1,P03372,5TM2
ESR1,P03372,5TM3
ESR1,P03372,5TM4
ESR1,P03372,5TM5
ESR1,P03372,5TM6
ESR1,P03372,5TM7
ESR1,P03372,5TM8
ESR1,P03372,5TM9
ESR1,P03372,5TML
ESR1,P03372,5TMM
ESR1,P03372,5TMO
ESR1,P03372,5TMQ
ESR1,P03372,5TMR
ESR1,P03372,5TMS
ESR1,P03372,5TMT
ESR1,P03372,5TMU
ESR1,P03372,5TMV
ESR1,P03372,5TMW
ESR1,P03372,5TMZ
ESR1,P03372,5TN1
ESR1,P03372,5TN3
ESR1,P03372,5TN4
ESR1,P03372,5TN5
ESR1,P03372,5TN6
ESR1,P03372,5TN7
ESR1,P03372,5TN8
ESR1,P03372,5TN9
ESR1,P03372,5TNB
ESR1,P03372,5U2B
ESR1,P03372,5U2D
ESR1,P03372,5UFW
ESR1,P03372,5UFX
ESR1,P03372,5W9C
ESR1,P03372,5W9D
ESR1,P03372,5WGD
ESR1,P03372,5WGQ
ESR1,P03372,6B0F
ESR1,P03372,6C42
ESR1,P03372,6CBZ
ESR1,P03372,6CHW
ESR1,P03372,6CHZ
ESR1,P03372,6CZN
ESR1,P03372,6D0F
ESR1,P03372,6DF6
ESR1,P03372,6DFN
ESR1,P03372,6HHP
ESR1,P03372,6HKB
ESR1,P03372,6HKF
ESR1,P03372,6HMU
ESR1,P03372,6IAR
ESR1,P03372,6OWC
ESR1,P03372,6PET
ESR1,P03372,6PFM
ESR1,P03372,6PIT
ESR1,P03372,6PSJ
ESR1,P03372,6SBO
ESR1,P03372,6SQ0
ESR1,P03372,6SUO
ESR1,P03372,6TJM
ESR1,P03372,6TL3
ESR1,P03372,6V87
ESR1,P03372,6V8T
ESR1,P03372,6VGH
ESR1,P03372,6VJD
ESR1,P03372,6VPF
ESR1,P03372,6WOK
ESR1,P03372,6ZOQ
ESR1,P03372,6ZOR
ESR1,P03372,6ZOS
ESR1,P03372,7B9M
ESR1,P03372,7B9R
ESR1,P03372,7B9T
ESR1,P03372,7BA3
ESR1,P03372,7BA5
ESR1,P03372,7BA6
ESR1,P03372,7BA7
ESR1,P03372,7BA8
ESR1,P03372,7BA9
ESR1,P03372,7BAA
ESR1,P03372,7BAB
ESR1,P03372,7JHD
ESR1,P03372,7KBS
ESR1,P03372,7MSA
ESR1,P03372,7N9O
ESR1,P03372,7NDO
ESR1,P03372,7NEL
ESR1,P03372,7NFB
ESR1,P03372,7NFW
ESR1,P03372,7NIZ
ESR1,P03372,7OPW
ESR1,P03372,7OQ7
ESR1,P03372,7OQ8
ESR1,P03372,7PWT
ESR1,P03372,7PWZ
ESR1,P03372,7QVJ
ESR1,P03372,7QVL
ESR1,P03372,7R62
ESR1,P03372,7RKE
ESR1,P03372,7RNM
ESR1,P03372,7RRX
ESR1,P03372,7RRY
ESR1,P03372,7RRZ
ESR1,P03372,7RS0
ESR1,P03372,7RS1
ESR1,P03372,7RS2
ESR1,P03372,7RS3
ESR1,P03372,7RS4
ESR1,P03372,7RS7
ESR1,P03372,7RS8
ESR1,P03372,7RS9
ESR1,P03372,7SFO
ESR1,P03372,7T2X
ESR1,P03372,7TE7
ESR1,P03372,7UJ7
ESR1,P03372,7UJ8
ESR1,P03372,7UJC
ESR1,P03372,7UJF
ESR1,P03372,7UJM
ESR1,P03372,7UJO
ESR1,P03372,7UJW
ESR1,P03372,7UJY
ESR1,P03372,7WNV
ESR1,P03372,7Y8F
ESR1,P03372,7Y8G
ESR1,P03372,7YMK
ESR1,P03372,8AFN
ESR1,P03372,8AI0
ESR1,P03372,8ALR
ESR1,P03372,8ALT
ESR1,P03372,8ALV
ESR1,P03372,8ALW
ESR1,P03372,8AM7
ESR1,P03372,8ANF
ESR1,P03372,8AOY
ESR1,P03372,8APS
ESR1,P03372,8AQ1
ESR1,P03372,8AQC
ESR1,P03372,8AQE
ESR1,P03372,8AQZ
ESR1,P03372,8AR4
ESR1,P03372,8AR5
ESR1,P03372,8ARG
ESR1,P03372,8ARO
ESR1,P03372,8ARQ
ESR1,P03372,8ARR
ESR1,P03372,8ARW
ESR1,P03372,8ARX
ESR1,P03372,8ARY
ESR1,P03372,8ARZ
ESR1,P03372,8AS1
ESR1,P03372,8AT9
ESR1,P03372,8ATP
ESR1,P03372,8AU2
ESR1,P03372,8AUS
ESR1,P03372,8AUY
ESR1,P03372,8AV3
ESR1,P03372,8AV4
ESR1,P03372,8AV7
ESR1,P03372,8AV8
ESR1,P03372,8AWG
ESR1,P03372,8AXE
ESR1,P03372,8AXU
ESR1,P03372,8AZE
ESR1,P03372,8B39
ESR1,P03372,8BWJ
ESR1,P03372,8BWX
ESR1,P03372,8BWZ
ESR1,P03372,8BX0
ESR1,P03372,8BX3
ESR1,P03372,8BX4
ESR1,P03372,8BXI
ESR1,P03372,8BXM
ESR1,P03372,8BXN
ESR1,P03372,8BXO
ESR1,P03372,8BXQ
ESR1,P03372,8BXS
ESR1,P03372,8BY9
ESR1,P03372,8BYB
ESR1,P03372,8BYC
ESR1,P03372,8BYD
ESR1,P03372,8BYE
ESR1,P03372,8BYF
ESR1,P03372,8BYG
ESR1,P03372,8BYO
ESR1,P03372,8BYY
ESR1,P03372,8BYZ
ESR1,P03372,8BZ0
ESR1,P03372,8BZ9
ESR1,P03372,8BZA
ESR1,P03372,8BZB
ESR1,P03372,8BZC
ESR1,P03372,8BZD
ESR1,P03372,8BZE
ESR1,P03372,8BZF
ESR1,P03372,8BZG
ESR1,P03372,8BZH
ESR1,P03372,8BZT
ESR1,P03372,8BZW
ESR1,P03372,8C04
ESR1,P03372,8C0K
ESR1,P03372,8C0L
ESR1,P03372,8C42
ESR1,P03372,8C4F
ESR1,P03372,8C4G
ESR1,P03372,8DU6
ESR1,P03372,8DU8
ESR1,P03372,8DU9
ESR1,P03372,8DUB
ESR1,P03372,8DUC
ESR1,P03372,8DUD
ESR1,P03372,8DUG
ESR1,P03372,8DUH
ESR1,P03372,8DUI
ESR1,P03372,8DUK
ESR1,P03372,8DUS
ESR1,P03372,8DV5
ESR1,P03372,8DV7
ESR1,P03372,8DV8
ESR1,P03372,8DVB
ESR1,P03372,8EV1
ESR1,P03372,8EV2
ESR1,P03372,8VV1
ESR1,P03372,8VYT
ESR1,P03372,8VYX
ESR1,P03372,8VZ0
ESR1,P03372,8VZ1
ESR1,P03372,8VZP
ESR1,P03372,8VZQ
ESR1,P03372,8W03
ESR1,P03372,8W07
ESR1,P03372,8ZZR
ESR1,P03372,9B25
ESR1,P03372,9B2B
ESR1,P03372,9BPX
ESR1,P03372,9BQE
ESR1,P03372,9BU1
ESR1,P03372,9EBG
ESR1,P03372,9ECK
ESR1,P03372,9I6S
ESR1,P03372,9I6T
ESR1,P03372,9I6U
ESR1,P03372,9I6V
ESR1,P03372,9I6W
ESR1,P03372,9I6X
ESR1,P03372,9I6Y
ESR1,P03372,9I6Z
ESR1,P03372,9I70
ESR1,P03372,9I71
ESR1,P03372,9I72
ESR1,P03372,9I73
ESR1,P03372,9I74
ESR1,P03372,9I75
ESR1,P03372,9SV3
ESR1,P03372,9VT5
ESR1,P03372,9VTU
ESR1,P03372,9W11
ESR1,P03372,9W12
ESR1,P03372,9W13
ESR1,P03372,9WB2
ESR1,P03372,9Y7E
ESR1,P03372,9YC4
ESR2,Q92731,1L2J
ESR2,Q92731,1NDE
ESR2,Q92731,1QKM
ESR2,Q92731,1U3Q
ESR2,Q92731,1U3R
ESR2,Q92731,1U3S
ESR2,Q92731,1U9E
ESR2,Q92731,1X76
ESR2,Q92731,1X78
ESR2,Q92731,1X7B
ESR2,Q92731,1X7J
ESR2,Q92731,1YY4
ESR2,Q92731,1YYE
ESR2,Q92731,1ZAF
ESR2,Q92731,2FSZ
ESR2,Q92731,2GIU
ESR2,Q92731,2I0G
ESR2,Q92731,2JJ3
ESR2,Q92731,2NV7
ESR2,Q92731,2QTU
ESR2,Q92731,2YJD
ESR2,Q92731,2YLY
ESR2,Q92731,2Z4B
ESR2,Q92731,3OLL
ESR2,Q92731,3OLS
ESR2,Q92731,3OMO
ESR2,Q92731,3OMP
ESR2,Q92731,3OMQ
ESR2,Q92731,4J24
ESR2,Q92731,4J26
ESR2,Q92731,4ZI1
ESR2,Q92731,5TOA
ESR2,Q92731,7XVY
ESR2,Q92731,7XVZ
ESR2,Q92731,7XWP
ESR2,Q92731,7XWQ
ESR2,Q92731,7XWR
ESR2,Q92731,9EBL
ESR2,Q92731,9ECF
ESRRA,P11474,1XB7
ESRRA,P11474,2PJL
ESRRA,P11474,3D24
ESRRA,P11474,3K6P
ESRRA,P11474,7E2E
ESRRA,P11474,9LVP
ESRRB,O95718,1LO1
ESRRB,O95718,6LIT
ESRRB,O95718,6LN4
ESRRG,P62508,1KV6
ESRRG,P62508,1TFC
ESRRG,P62508,1VJB
ESRRG,P62508,2E2R
ESRRG,P62508,2EWP
ESRRG,P62508,2GP7
ESRRG,P62508,2GPO
ESRRG,P62508,2GPP
ESRRG,P62508,2GPU
ESRRG,P62508,2GPV
ESRRG,P62508,2P7A
ESRRG,P62508,2P7G
ESRRG,P62508,2P7Z
ESRRG,P62508,2ZAS
ESRRG,P62508,2ZBS
ESRRG,P62508,2ZKC
ESRRG,P62508,5YSO
ESRRG,P62508,6A6K
ESRRG,P62508,6I61
ESRRG,P62508,6I62
ESRRG,P62508,6I63
ESRRG,P62508,6I64
ESRRG,P62508,6I65
ESRRG,P62508,6I66
ESRRG,P62508,6I67
ESRRG,P62508,6K3N
ESRRG,P62508,6KNR
ESRRG,P62508,6XXC
ESRRG,P62508,6XY5
ESRRG,P62508,6Y18
ESRRG,P62508,6Y1D
ESRRG,P62508,6Y3W
ESRRG,P62508,6Y58
ESRRG,P62508,8B4Q
ESRRG,P62508,8BJG
ESRRG,P62508,8BJN
ESRRG,P62508,8BM5
ESRRG,P62508,8IFO
ESRRG,P62508,9KNC
ESRRG,P62508,9KND
ESRRG,P62508,9KNE
ESRRG,P62508,9KNF
ESRRG,P62508,9KNG
FXR,Q96RI1,1OSH
FXR,Q96RI1,3BEJ
FXR,Q96RI1,3DCT
FXR,Q96RI1,3DCU
FXR,Q96RI1,3FLI
FXR,Q96RI1,3FXV
FXR,Q96RI1,3GD2
FXR,Q96RI1,3HC5
FXR,Q96RI1,3HC6
FXR,Q96RI1,3L1B
FXR,Q96RI1,3OKH
FXR,Q96RI1,3OKI
FXR,Q96RI1,3OLF
FXR,Q96RI1,3OMK
FXR,Q96RI1,3OMM
FXR,Q96RI1,3OOF
FXR,Q96RI1,3OOK
FXR,Q96RI1,3P88
FXR,Q96RI1,3P89
FXR,Q96RI1,3RUT
FXR,Q96RI1,3RUU
FXR,Q96RI1,3RVF
FXR,Q96RI1,4OIV
FXR,Q96RI1,4QE8
FXR,Q96RI1,4WVD
FXR,Q96RI1,5IAW
FXR,Q96RI1,5ICK
FXR,Q96RI1,5Q0I
FXR,Q96RI1,5Q0J
FXR,Q96RI1,5Q0K
FXR,Q96RI1,5Q0L
FXR,Q96RI1,5Q0M
FXR,Q96RI1,5Q0N
FXR,Q96RI1,5Q0O
FXR,Q96RI1,5Q0P
FXR,Q96RI1,5Q0Q
FXR,Q96RI1,5Q0R
FXR,Q96RI1,5Q0S
FXR,Q96RI1,5Q0T
FXR,Q96RI1,5Q0U
FXR,Q96RI1,5Q0V
FXR,Q96RI1,5Q0W
FXR,Q96RI1,5Q0X
FXR,Q96RI1,5Q0Y
FXR,Q96RI1,5Q0Z
FXR,Q96RI1,5Q10
FXR,Q96RI1,5Q11
FXR,Q96RI1,5Q12
FXR,Q96RI1,5Q13
FXR,Q96RI1,5Q14
FXR,Q96RI1,5Q15
FXR,Q96RI1,5Q16
FXR,Q96RI1,5Q17
FXR,Q96RI1,5Q18
FXR,Q96RI1,5Q19
FXR,Q96RI1,5Q1A
FXR,Q96RI1,5Q1B
FXR,Q96RI1,5Q1C
FXR,Q96RI1,5Q1D
FXR,Q96RI1,5Q1E
FXR,Q96RI1,5Q1F
FXR,Q96RI1,5Q1G
FXR,Q96RI1,5Q1H
FXR,Q96RI1,5Q1I
FXR,Q96RI1,5WZX
FXR,Q96RI1,5Y1J
FXR,Q96RI1,5Y44
FXR,Q96RI1,5Y49
FXR,Q96RI1,5YXB
FXR,Q96RI1,5YXD
FXR,Q96RI1,5YXJ
FXR,Q96RI1,5YXL
FXR,Q96RI1,5Z12
FXR,Q96RI1,6A5W
FXR,Q96RI1,6A5X
FXR,Q96RI1,6A5Y
FXR,Q96RI1,6A5Z
FXR,Q96RI1,6A60
FXR,Q96RI1,6HL0
FXR,Q96RI1,6HL1
FXR,Q96RI1,6ITM
FXR,Q96RI1,7D42
FXR,Q96RI1,7TRB
FXR,Q96RI1,7VUE
FXR,Q96RI1,8HBM
FXR,Q96RI1,8HD3
FXR,Q96RI1,9H65
FXR,Q96RI1,9H66
FXR,Q96RI1,9LQ3
FXR,Q96RI1,9VBQ
FXR,Q96RI1,9VBR
FXR,Q96RI1,9WF5
GR,P04150,1M2Z
GR,P04150,1NHZ
GR,P04150,1P93
GR,P04150,3BQD
GR,P04150,3CLD
GR,P04150,3E7C
GR,P04150,3H52
GR,P04150,3K22
GR,P04150,3K23
GR,P04150,4CSJ
GR,P04150,4HN5
GR,P04150,4HN6
GR,P04150,4LSJ
GR,P04150,4MDD
GR,P04150,4P6W
GR,P04150,4P6X
GR,P04150,4UDC
GR,P04150,4UDD
GR,P04150,5CBX
GR,P04150,5CBY
GR,P04150,5CBZ
GR,P04150,5CC1
GR,P04150,5E69
GR,P04150,5E6A
GR,P04150,5E6B
GR,P04150,5E6C
GR,P04150,5E6D
GR,P04150,5EMC
GR,P04150,5EMP
GR,P04150,5EMQ
GR,P04150,5G3J
GR,P04150,5G5W
GR,P04150,5NFP
GR,P04150,5NFT
GR,P04150,5UC1
GR,P04150,5UC3
GR,P04150,5VA0
GR,P04150,5VA7
GR,P04150,6BQU
GR,P04150,6CFN
GR,P04150,6DXK
GR,P04150,6EL6
GR,P04150,6EL7
GR,P04150,6EL9
GR,P04150,6X6D
GR,P04150,6X6E
GR,P04150,6YMO
GR,P04150,6YO8
GR,P04150,6YOS
GR,P04150,7KRJ
GR,P04150,7KW7
GR,P04150,7PRV
GR,P04150,7PRW
GR,P04150,7PRX
GR,P04150,8A9G
GR,P04150,8FFV
GR,P04150,8FFW
GR,P04150,8VKZ
HNF4A,P41235,1PZL
HNF4A,P41235,3CBB
HNF4A,P41235,3FS1
HNF4A,P41235,4B7W
HNF4A,P41235,4IQR
HNF4A,P41235,6CHT
HNF4A,P41235,8C1L
HNF4A,P41235,9IBR
HNF4G,Q14541,1LV2
LRH1,O00482,1YOK
LRH1,O00482,1YUC
LRH1,O00482,1ZDU
LRH1,O00482,2A66
LRH1,O00482,3PLZ
LRH1,O00482,3TX7
LRH1,O00482,4DOR
LRH1,O00482,4DOS
LRH1,O00482,4IS8
LRH1,O00482,4ONI
LRH1,O00482,4PLD
LRH1,O00482,4PLE
LRH1,O00482,4RWV
LRH1,O00482,5L0M
LRH1,O00482,5L11
LRH1,O00482,5SYZ
LRH1,O00482,5UNJ
LRH1,O00482,6OQX
LRH1,O00482,6OQY
LRH1,O00482,6OR1
LRH1,O00482,6VC2
LRH1,O00482,6VIF
LRH1,O00482,7JYD
LRH1,O00482,7JYE
LRH1,O00482,7TT8
LRH1,O00482,8F8M
LRH1,O00482,8PKI
LRH1,O00482,8ZZZ
LRH1,O00482,9SMQ
LXR_ALPHA,Q13133,1UHL
LXR_ALPHA,Q13133,3IPQ
LXR_ALPHA,Q13133,3IPS
LXR_ALPHA,Q13133,3IPU
LXR_ALPHA,Q13133,5AVI
LXR_ALPHA,Q13133,5AVL
LXR_ALPHA,Q13133,5HJS
LXR_BETA,P55055,1P8D
LXR_BETA,P55055,1PQ6
LXR_BETA,P55055,1PQ9
LXR_BETA,P55055,1PQC
LXR_BETA,P55055,1UPV
LXR_BETA,P55055,1UPW
LXR_BETA,P55055,3KFC
LXR_BETA,P55055,3L0E
LXR_BETA,P55055,4DK7
LXR_BETA,P55055,4DK8
LXR_BETA,P55055,4NQA
LXR_BETA,P55055,4RAK
LXR_BETA,P55055,5HJP
LXR_BETA,P55055,5I4V
LXR_BETA,P55055,5JY3
LXR_BETA,P55055,5KYA
LXR_BETA,P55055,5KYJ
LXR_BETA,P55055,6JIO
LXR_BETA,P55055,6K9G
LXR_BETA,P55055,6K9H
LXR_BETA,P55055,6K9M
LXR_BETA,P55055,6S4N
LXR_BETA,P55055,6S4T
LXR_BETA,P55055,6S4U
LXR_BETA,P55055,6S5K
MR,P08235,1Y9R
MR,P08235,1YA3
MR,P08235,2A3I
MR,P08235,2AA2
MR,P08235,2AA5
MR,P08235,2AA6
MR,P08235,2AA7
MR,P08235,2AAX
MR,P08235,2AB2
MR,P08235,2ABI
MR,P08235,2OAX
MR,P08235,3VHU
MR,P08235,3VHV
MR,P08235,3WFF
MR,P08235,3WFG
MR,P08235,4PF3
MR,P08235,4TNT
MR,P08235,4UDA
MR,P08235,4UDB
MR,P08235,5HCV
MR,P08235,5L7E
MR,P08235,5L7G
MR,P08235,5L7H
MR,P08235,5MWP
MR,P08235,5MWY
MR,P08235,6GEV
MR,P08235,6GG8
MR,P08235,6GGG
MR,P08235,6L88
MR,P08235,9GC7
NOR1,Q92570,8XTT
NUR77,P22736,2QW4
NUR77,P22736,3V3E
NUR77,P22736,3V3Q
NUR77,P22736,4JGV
NUR77,P22736,4KZI
NUR77,P22736,4KZJ
NUR77,P22736,4KZM
NUR77,P22736,4RE8
NUR77,P22736,4REE
NUR77,P22736,4REF
NUR77,P22736,4RZE
NUR77,P22736,4RZF
NUR77,P22736,4RZG
NUR77,P22736,4WHF
NUR77,P22736,4WHG
NUR77,P22736,6KZ5
NUR77,P22736,6LC1
NUR77,P22736,8WUY
NUR77,P22736,8Y7L
NUR77,P22736,8Z5A
NUR77,P22736,9M2E
NUR77,P22736,9V5K
NURR1,P43354,1OVL
NURR1,P43354,5Y41
NURR1,P43354,5YD6
NURR1,P43354,6DDA
NURR1,P43354,6L6L
NURR1,P43354,6L6Q
NURR1,P43354,7WNH
NURR1,P43354,8CYO
PNR,Q9Y5X4,4LOG
PPARA,Q07869,1I7G
PPARA,Q07869,1K7L
PPARA,Q07869,1KKQ
PPARA,Q07869,2NPA
PPARA,Q07869,2P54
PPARA,Q07869,2REW
PPARA,Q07869,2ZNN
PPARA,Q07869,3ET1
PPARA,Q07869,3FEI
PPARA,Q07869,3G8I
PPARA,Q07869,3KDT
PPARA,Q07869,3KDU
PPARA,Q07869,3SP6
PPARA,Q07869,3VI8
PPARA,Q07869,4BCR
PPARA,Q07869,4CI4
PPARA,Q07869,5AZT
PPARA,Q07869,5HYK
PPARA,Q07869,6KAX
PPARA,Q07869,6KAY
PPARA,Q07869,6KAZ
PPARA,Q07869,6KB0
PPARA,Q07869,6KB1
PPARA,Q07869,6KB2
PPARA,Q07869,6KB3
PPARA,Q07869,6KB4
PPARA,Q07869,6KB5
PPARA,Q07869,6KB6
PPARA,Q07869,6KB7
PPARA,Q07869,6KB8
PPARA,Q07869,6KB9
PPARA,Q07869,6KBA
PPARA,Q07869,6KXX
PPARA,Q07869,6KXY
PPARA,Q07869,6KYP
PPARA,Q07869,6L36
PPARA,Q07869,6L37
PPARA,Q07869,6L38
PPARA,Q07869,6L96
PPARA,Q07869,6LX4
PPARA,Q07869,6LX5
PPARA,Q07869,6LX6
PPARA,Q07869,6LX7
PPARA,Q07869,6LX8
PPARA,Q07869,6LX9
PPARA,Q07869,6LXA
PPARA,Q07869,6LXB
PPARA,Q07869,6LXC
PPARA,Q07869,7BPY
PPARA,Q07869,7BPZ
PPARA,Q07869,7BQ0
PPARA,Q07869,7BQ1
PPARA,Q07869,7BQ2
PPARA,Q07869,7BQ3
PPARA,Q07869,7BQ4
PPARA,Q07869,7C6Q
PPARA,Q07869,7E5F
PPARA,Q07869,7E5G
PPARA,Q07869,7E5H
PPARA,Q07869,7E5I
PPARA,Q07869,8HUK
PPARA,Q07869,8HUN
PPARA,Q07869,8HUQ
PPARA,Q07869,8RCE
PPARA,Q07869,8YT6
PPARA,Q07869,8YT9
PPARA,Q07869,8YTL
PPARA,Q07869,8YU8
PPARA,Q07869,8YWU
PPARA,Q07869,8YWV
PPARA,Q07869,9IWJ
PPARA,Q07869,9IWL
PPARA,Q07869,9IWM
PPARA,Q07869,9IWN
PPARA,Q07869,9IWO
PPARA,Q07869,9SFS
PPARA,Q07869,9T5S
PPARA,Q07869,9VZS
PPARA,Q07869,9VZT
PPARD,Q03181,1GWX
PPARD,Q03181,1Y0S
PPARD,Q03181,2AWH
PPARD,Q03181,2B50
PPARD,Q03181,2BAW
PPARD,Q03181,2ENV
PPARD,Q03181,2GWX
PPARD,Q03181,2J14
PPARD,Q03181,2Q5G
PPARD,Q03181,2XYJ
PPARD,Q03181,2XYW
PPARD,Q03181,2XYX
PPARD,Q03181,2ZNP
PPARD,Q03181,2ZNQ
PPARD,Q03181,3D5F
PPARD,Q03181,3DY6
PPARD,Q03181,3ET2
PPARD,Q03181,3GWX
PPARD,Q03181,3GZ9
PPARD,Q03181,3OZ0
PPARD,Q03181,3PEQ
PPARD,Q03181,3SP9
PPARD,Q03181,3TKM
PPARD,Q03181,5U3Q
PPARD,Q03181,5U3R
PPARD,Q03181,5U3S
PPARD,Q03181,5U3T
PPARD,Q03181,5U3U
PPARD,Q03181,5U3V
PPARD,Q03181,5U3W
PPARD,Q03181,5U3X
PPARD,Q03181,5U3Y
PPARD,Q03181,5U3Z
PPARD,Q03181,5U40
PPARD,Q03181,5U41
PPARD,Q03181,5U42
PPARD,Q03181,5U43
PPARD,Q03181,5U44
PPARD,Q03181,5U45
PPARD,Q03181,5U46
PPARD,Q03181,5XMX
PPARD,Q03181,5Y7X
PPARD,Q03181,5ZXI
PPARD,Q03181,6A6P
PPARD,Q03181,7F80
PPARD,Q03181,7VWE
PPARD,Q03181,7VWF
PPARD,Q03181,7VWG
PPARD,Q03181,7VWH
PPARD,Q03181,7W0G
PPARD,Q03181,7WGL
PPARD,Q03181,7WGN
PPARD,Q03181,8HF8
PPARD,Q03181,8HUL
PPARD,Q03181,8HUO
PPARD,Q03181,8ZNN
PPARG,P37231,1FM6
PPARG,P37231,1FM9
PPARG,P37231,1I7I
PPARG,P37231,1K74
PPARG,P37231,1KNU
PPARG,P37231,1NYX
PPARG,P37231,1PRG
PPARG,P37231,1RDT
PPARG,P37231,1WM0
PPARG,P37231,1ZEO
PPARG,P37231,1ZGY
PPARG,P37231,2ATH
PPARG,P37231,2F4B
PPARG,P37231,2FVJ
PPARG,P37231,2G0G
PPARG,P37231,2G0H
PPARG,P37231,2GTK
PPARG,P37231,2HFP
PPARG,P37231,2HWQ
PPARG,P37231,2HWR
PPARG,P37231,2I4J
PPARG,P37231,2I4P
PPARG,P37231,2I4Z
PPARG,P37231,2OM9
PPARG,P37231,2P4Y
PPARG,P37231,2POB
PPARG,P37231,2PRG
PPARG,P37231,2Q59
PPARG,P37231,2Q5P
PPARG,P37231,2Q5S
PPARG,P37231,2Q61
PPARG,P37231,2Q6R
PPARG,P37231,2Q6S
PPARG,P37231,2Q8S
PPARG,P37231,2QMV
PPARG,P37231,2VSR
PPARG,P37231,2VST
PPARG,P37231,2VV0
PPARG,P37231,2VV1
PPARG,P37231,2VV2
PPARG,P37231,2VV3
PPARG,P37231,2VV4
PPARG,P37231,2XKW
PPARG,P37231,2YFE
PPARG,P37231,2ZK0
PPARG,P37231,2ZK1
PPARG,P37231,2ZK2
PPARG,P37231,2ZK3
PPARG,P37231,2ZK4
PPARG,P37231,2ZK5
PPARG,P37231,2ZK6
PPARG,P37231,2ZNO
PPARG,P37231,2ZVT
PPARG,P37231,3ADS
PPARG,P37231,3ADT
PPARG,P37231,3ADU
PPARG,P37231,3ADV
PPARG,P37231,3ADW
PPARG,P37231,3ADX
PPARG,P37231,3AN3
PPARG,P37231,3AN4
PPARG,P37231,3B0Q
PPARG,P37231,3B0R
PPARG,P37231,3B1M
PPARG,P37231,3B3K
PPARG,P37231,3BC5
PPARG,P37231,3CDP
PPARG,P37231,3CDS
PPARG,P37231,3CS8
PPARG,P37231,3CWD
PPARG,P37231,3D6D
PPARG,P37231,3DZU
PPARG,P37231,3DZY
PPARG,P37231,3E00
PPARG,P37231,3ET0
PPARG,P37231,3ET3
PPARG,P37231,3FEJ
PPARG,P37231,3FUR
PPARG,P37231,3G9E
PPARG,P37231,3GBK
PPARG,P37231,3H0A
PPARG,P37231,3HO0
PPARG,P37231,3HOD
PPARG,P37231,3IA6
PPARG,P37231,3K8S
PPARG,P37231,3KMG
PPARG,P37231,3LMP
PPARG,P37231,3NOA
PPARG,P37231,3OSI
PPARG,P37231,3OSW
PPARG,P37231,3PBA
PPARG,P37231,3PO9
PPARG,P37231,3PRG
PPARG,P37231,3QT0
PPARG,P37231,3R5N
PPARG,P37231,3R8A
PPARG,P37231,3R8I
PPARG,P37231,3S9S
PPARG,P37231,3SZ1
PPARG,P37231,3T03
PPARG,P37231,3TY0
PPARG,P37231,3U9Q
PPARG,P37231,3V9T
PPARG,P37231,3V9V
PPARG,P37231,3V9Y
PPARG,P37231,3VJH
PPARG,P37231,3VJI
PPARG,P37231,3VN2
PPARG,P37231,3VSO
PPARG,P37231,3VSP
PPARG,P37231,3WJ4
PPARG,P37231,3WJ5
PPARG,P37231,3WMH
PPARG,P37231,3X1H
PPARG,P37231,3X1I
PPARG,P37231,4A4V
PPARG,P37231,4A4W
PPARG,P37231,4CI5
PPARG,P37231,4E4K
PPARG,P37231,4E4Q
PPARG,P37231,4EM9
PPARG,P37231,4EMA
PPARG,P37231,4F9M
PPARG,P37231,4FGY
PPARG,P37231,4HEE
PPARG,P37231,4JAZ
PPARG,P37231,4JL4
PPARG,P37231,4L96
PPARG,P37231,4L98
PPARG,P37231,4O8F
PPARG,P37231,4OJ4
PPARG,P37231,4PRG
PPARG,P37231,4PVU
PPARG,P37231,4PWL
PPARG,P37231,4R06
PPARG,P37231,4R2U
PPARG,P37231,4R6S
PPARG,P37231,4XLD
PPARG,P37231,4XTA
PPARG,P37231,4XUH
PPARG,P37231,4XUM
PPARG,P37231,4Y29
PPARG,P37231,4YT1
PPARG,P37231,5AZV
PPARG,P37231,5DSH
PPARG,P37231,5DV3
PPARG,P37231,5DV6
PPARG,P37231,5DV8
PPARG,P37231,5DVC
PPARG,P37231,5DWL
PPARG,P37231,5F9B
PPARG,P37231,5GTN
PPARG,P37231,5GTO
PPARG,P37231,5GTP
PPARG,P37231,5HZC
PPARG,P37231,5JI0
PPARG,P37231,5LSG
PPARG,P37231,5TTO
PPARG,P37231,5TWO
PPARG,P37231,5U5L
PPARG,P37231,5UGM
PPARG,P37231,5WQX
PPARG,P37231,5WR0
PPARG,P37231,5WR1
PPARG,P37231,5Y2O
PPARG,P37231,5Y2T
PPARG,P37231,5YCN
PPARG,P37231,5YCP
PPARG,P37231,5Z5S
PPARG,P37231,5Z6S
PPARG,P37231,6AD9
PPARG,P37231,6AN1
PPARG,P37231,6AUG
PPARG,P37231,6AVI
PPARG,P37231,6C1I
PPARG,P37231,6C5Q
PPARG,P37231,6C5T
PPARG,P37231,6D3E
PPARG,P37231,6D8X
PPARG,P37231,6D94
PPARG,P37231,6DBH
PPARG,P37231,6DCU
PPARG,P37231,6DGL
PPARG,P37231,6DGO
PPARG,P37231,6DGP
PPARG,P37231,6DGQ
PPARG,P37231,6DGR
PPARG,P37231,6DH9
PPARG,P37231,6DHA
PPARG,P37231,6E5A
PPARG,P37231,6ENQ
PPARG,P37231,6F2L
PPARG,P37231,6FZF
PPARG,P37231,6FZG
PPARG,P37231,6FZJ
PPARG,P37231,6FZP
PPARG,P37231,6FZY
PPARG,P37231,6ICJ
PPARG,P37231,6IJR
PPARG,P37231,6IJS
PPARG,P37231,6ILQ
PPARG,P37231,6IZM
PPARG,P37231,6IZN
PPARG,P37231,6JEY
PPARG,P37231,6JF0
PPARG,P37231,6JQ7
PPARG,P37231,6K0T
PPARG,P37231,6KTM
PPARG,P37231,6KTN
PPARG,P37231,6L89
PPARG,P37231,6L8B
PPARG,P37231,6MCZ
PPARG,P37231,6MD0
PPARG,P37231,6MD1
PPARG,P37231,6MD2
PPARG,P37231,6MD4
PPARG,P37231,6MS7
PPARG,P37231,6O67
PPARG,P37231,6O68
PPARG,P37231,6ONI
PPARG,P37231,6ONJ
PPARG,P37231,6PDZ
PPARG,P37231,6QJ5
PPARG,P37231,6T1S
PPARG,P37231,6T1V
PPARG,P37231,6T6B
PPARG,P37231,6T9C
PPARG,P37231,6TDC
PPARG,P37231,6TSG
PPARG,P37231,6VZL
PPARG,P37231,6VZM
PPARG,P37231,6VZN
PPARG,P37231,6VZO
PPARG,P37231,6Y3U
PPARG,P37231,6ZLY
PPARG,P37231,7A7H
PPARG,P37231,7AHJ
PPARG,P37231,7AWC
PPARG,P37231,7AWD
PPARG,P37231,7CXE
PPARG,P37231,7CXF
PPARG,P37231,7CXG
PPARG,P37231,7CXH
PPARG,P37231,7CXI
PPARG,P37231,7CXJ
PPARG,P37231,7CXK
PPARG,P37231,7CXL
PPARG,P37231,7E0A
PPARG,P37231,7E2O
PPARG,P37231,7EFQ
PPARG,P37231,7JQG
PPARG,P37231,7LOT
PPARG,P37231,7P4E
PPARG,P37231,7QB1
PPARG,P37231,7RLE
PPARG,P37231,7SQA
PPARG,P37231,7SQB
PPARG,P37231,7WGO
PPARG,P37231,7WGP
PPARG,P37231,7WGQ
PPARG,P37231,7WOX
PPARG,P37231,8ADF
PPARG,P37231,8AQM
PPARG,P37231,8AQN
PPARG,P37231,8ATY
PPARG,P37231,8ATZ
PPARG,P37231,8B8W
PPARG,P37231,8B8X
PPARG,P37231,8B8Y
PPARG,P37231,8B8Z
PPARG,P37231,8B90
PPARG,P37231,8B91
PPARG,P37231,8B92
PPARG,P37231,8B93
PPARG,P37231,8B94
PPARG,P37231,8B95
PPARG,P37231,8BF1
PPARG,P37231,8BF2
PPARG,P37231,8BFF
PPARG,P37231,8C0C
PPARG,P37231,8CPH
PPARG,P37231,8CPI
PPARG,P37231,8CPJ
PPARG,P37231,8DK4
PPARG,P37231,8DKN
PPARG,P37231,8DKV
PPARG,P37231,8DSY
PPARG,P37231,8DSZ
PPARG,P37231,8FHE
PPARG,P37231,8FHF
PPARG,P37231,8FHG
PPARG,P37231,8FKC
PPARG,P37231,8FKD
PPARG,P37231,8FKE
PPARG,P37231,8FKF
PPARG,P37231,8FKG
PPARG,P37231,8HHP
PPARG,P37231,8HHQ
PPARG,P37231,8HUM
PPARG,P37231,8HUP
PPARG,P37231,8PBO
PPARG,P37231,8REJ
PPARG,P37231,8SC9
PPARG,P37231,8U57
PPARG,P37231,8WFE
PPARG,P37231,8ZFN
PPARG,P37231,8ZFO
PPARG,P37231,8ZFP
PPARG,P37231,8ZFQ
PPARG,P37231,8ZFR
PPARG,P37231,8ZFS
PPARG,P37231,8ZFT
PPARG,P37231,9CK0
PPARG,P37231,9CWN
PPARG,P37231,9F7W
PPARG,P37231,9F7X
PPARG,P37231,9GFU
PPARG,P37231,9GVP
PPARG,P37231,9GVS
PPARG,P37231,9GVT
PPARG,P37231,9GW3
PPARG,P37231,9GW4
PPARG,P37231,9GW7
PPARG,P37231,9GW8
PPARG,P37231,9GWB
PPARG,P37231,9GWC
PPARG,P37231,9GWE
PPARG,P37231,9GWF
PPARG,P37231,9GWG
PPARG,P37231,9GWH
PPARG,P37231,9GWI
PPARG,P37231,9GWK
PPARG,P37231,9GWL
PPARG,P37231,9GWM
PPARG,P37231,9GWN
PPARG,P37231,9GWP
PPARG,P37231,9GWQ
PPARG,P37231,9GWR
PPARG,P37231,9GWS
PPARG,P37231,9GWX
PPARG,P37231,9GWY
PPARG,P37231,9GX0
PPARG,P37231,9GX1
PPARG,P37231,9GX2
PPARG,P37231,9GX3
PPARG,P37231,9GX4
PPARG,P37231,9GX5
PPARG,P37231,9GX6
PPARG,P37231,9GX7
PPARG,P37231,9GXD
PPARG,P37231,9GZ7
PPARG,P37231,9GZ8
PPARG,P37231,9GZ9
PPARG,P37231,9GZA
PPARG,P37231,9GZB
PPARG,P37231,9GZC
PPARG,P37231,9GZE
PPARG,P37231,9GZF
PPARG,P37231,9GZI
PPARG,P37231,9HX2
PPARG,P37231,9IWK
PPARG,P37231,9L3T
PPARG,P37231,9MAH
PPARG,P37231,9O9N
PPARG,P37231,9OLC
PPARG,P37231,9QFZ
PPARG,P37231,9QG0
PPARG,P37231,9QG2
PPARG,P37231,9QG3
PPARG,P37231,9QG4
PPARG,P37231,9QG5
PPARG,P37231,9QG6
PPARG,P37231,9QGJ
PPARG,P37231,9R6I
PPARG,P37231,9R6K
PPARG,P37231,9V8D
PPARG,P37231,9V8E
PPARG,P37231,9V8F
PPARG,P37231,9V8G
PPARG,P37231,9V8H
PR,P06401,1A28
PR,P06401,1E3K
PR,P06401,1SQN
PR,P06401,1SR7
PR,P06401,1ZUC
PR,P06401,2C7A
PR,P06401,2OVH
PR,P06401,2OVM
PR,P06401,2W8Y
PR,P06401,38KC
PR,P06401,3D90
PR,P06401,3G8O
PR,P06401,3HQ5
PR,P06401,3KBA
PR,P06401,3ZR7
PR,P06401,3ZRA
PR,P06401,3ZRB
PR,P06401,4A2J
PR,P06401,4APU
PR,P06401,4OAR
PR,P06401,5CC0
PXR,O75469,1ILG
PXR,O75469,1ILH
PXR,O75469,1M13
PXR,O75469,1NRL
PXR,O75469,1SKX
PXR,O75469,2O9I
PXR,O75469,2QNV
PXR,O75469,3CTB
PXR,O75469,3HVL
PXR,O75469,3R8D
PXR,O75469,4J5W
PXR,O75469,4J5X
PXR,O75469,4NY9
PXR,O75469,4S0S
PXR,O75469,4S0T
PXR,O75469,4X1F
PXR,O75469,4X1G
PXR,O75469,4XAO
PXR,O75469,4XHD
PXR,O75469,5A86
PXR,O75469,5X0R
PXR,O75469,6BNS
PXR,O75469,6DUP
PXR,O75469,6HJ2
PXR,O75469,6HTY
PXR,O75469,6NX1
PXR,O75469,6P2B
PXR,O75469,6S41
PXR,O75469,6TFI
PXR,O75469,6XP9
PXR,O75469,7AX8
PXR,O75469,7AX9
PXR,O75469,7AXA
PXR,O75469,7AXB
PXR,O75469,7AXC
PXR,O75469,7AXD
PXR,O75469,7AXE
PXR,O75469,7AXF
PXR,O75469,7AXG
PXR,O75469,7AXH
PXR,O75469,7AXI
PXR,O75469,7AXJ
PXR,O75469,7AXK
PXR,O75469,7AXL
PXR,O75469,7N2A
PXR,O75469,7RIO
PXR,O75469,7RIU
PXR,O75469,7RIV
PXR,O75469,7YFK
PXR,O75469,8CCT
PXR,O75469,8CF9
PXR,O75469,8CH8
PXR,O75469,8E3N
PXR,O75469,8EQZ
PXR,O75469,8F5Y
PXR,O75469,8FPE
PXR,O75469,8R00
PXR,O75469,8R81
PXR,O75469,8R82
PXR,O75469,8SVN
PXR,O75469,8SVO
PXR,O75469,8SVP
PXR,O75469,8SVQ
PXR,O75469,8SVR
PXR,O75469,8SVS
PXR,O75469,8SVT
PXR,O75469,8SVU
PXR,O75469,8SVX
PXR,O75469,8SZV
PXR,O75469,9BEQ
PXR,O75469,9FZG
PXR,O75469,9FZH
PXR,O75469,9FZI
PXR,O75469,9FZJ
PXR,O75469,9O41
PXR,O75469,9O42
PXR,O75469,9O43
PXR,O75469,9O44
PXR,O75469,9O45
PXR,O75469,9O46
RARA,P10276,1DKF
RARA,P10276,1DSZ
RARA,P10276,3A9E
RARA,P10276,3KMR
RARA,P10276,3KMZ
RARA,P10276,4DQM
RARA,P10276,5K13
RARA,P10276,6XWG
RARA,P10276,7AOS
RARA,P10276,7APO
RARA,P10276,7QAA
RARA,P10276,7WQQ
RARA,P10276,9GFE
RARA,P10276,9GFI
RARB,P10826,1HRA
RARB,P10826,1XAP
RARB,P10826,4DM6
RARB,P10826,4DM8
RARB,P10826,4JYG
RARB,P10826,4JYH
RARB,P10826,4JYI
RARB,P10826,5UAN
RARB,P10826,6SSQ
RARG,P13631,1EXA
RARG,P13631,1EXX
RARG,P13631,1FCX
RARG,P13631,1FCY
RARG,P13631,1FCZ
RARG,P13631,1FD0
RARG,P13631,2LBD
RARG,P13631,3LBD
RARG,P13631,4LBD
RARG,P13631,5M24
RARG,P13631,6FX0
REV_ERB_ALPHA,P20393,1A6Y
REV_ERB_ALPHA,P20393,1GA5
REV_ERB_ALPHA,P20393,1HLZ
REV_ERB_ALPHA,P20393,3N00
REV_ERB_ALPHA,P20393,8D8I
REV_ERB_BETA,Q14995,2V0V
REV_ERB_BETA,Q14995,2V7C
REV_ERB_BETA,Q14995,3CQV
REV_ERB_BETA,Q14995,4N73
REV_ERB_BETA,Q14995,6WMQ
REV_ERB_BETA,Q14995,6WMS
RORA,P35398,1N83
RORA,P35398,1S0X
RORA,P35398,4S15
RORC,P51449,29OB
RORC,P51449,3B0W
RORC,P51449,3KYT
RORC,P51449,3L0J
RORC,P51449,3L0L
RORC,P51449,4NB6
RORC,P51449,4NIE
RORC,P51449,4QM0
RORC,P51449,4S14
RORC,P51449,4WLB
RORC,P51449,4WPF
RORC,P51449,4WQP
RORC,P51449,4XT9
RORC,P51449,4YMQ
RORC,P51449,4YPQ
RORC,P51449,4ZJR
RORC,P51449,4ZJW
RORC,P51449,4ZOM
RORC,P51449,5APH
RORC,P51449,5APJ
RORC,P51449,5APK
RORC,P51449,5AYG
RORC,P51449,5C4O
RORC,P51449,5C4S
RORC,P51449,5C4T
RORC,P51449,5C4U
RORC,P51449,5EJV
RORC,P51449,5ETH
RORC,P51449,5G42
RORC,P51449,5G43
RORC,P51449,5G44
RORC,P51449,5G45
RORC,P51449,5G46
RORC,P51449,5IXK
RORC,P51449,5IZ0
RORC,P51449,5K38
RORC,P51449,5K3L
RORC,P51449,5K3M
RORC,P51449,5K3N
RORC,P51449,5K6E
RORC,P51449,5K74
RORC,P51449,5LWP
RORC,P51449,5M96
RORC,P51449,5NI5
RORC,P51449,5NI7
RORC,P51449,5NI8
RORC,P51449,5NIB
RORC,P51449,5NTI
RORC,P51449,5NTK
RORC,P51449,5NTN
RORC,P51449,5NTP
RORC,P51449,5NTQ
RORC,P51449,5NTW
RORC,P51449,5NU1
RORC,P51449,5UFO
RORC,P51449,5UFR
RORC,P51449,5UHI
RORC,P51449,5VB3
RORC,P51449,5VB5
RORC,P51449,5VB6
RORC,P51449,5VB7
RORC,P51449,5VQK
RORC,P51449,5VQL
RORC,P51449,5W4R
RORC,P51449,5W4V
RORC,P51449,5X8Q
RORC,P51449,5YP5
RORC,P51449,5YP6
RORC,P51449,5ZA1
RORC,P51449,6A22
RORC,P51449,6B30
RORC,P51449,6B31
RORC,P51449,6B33
RORC,P51449,6BN6
RORC,P51449,6BR2
RORC,P51449,6BR3
RORC,P51449,6CN5
RORC,P51449,6CN6
RORC,P51449,6CVH
RORC,P51449,6E3E
RORC,P51449,6E3G
RORC,P51449,6ESN
RORC,P51449,6FGQ
RORC,P51449,6FZU
RORC,P51449,6G05
RORC,P51449,6G07
RORC,P51449,6IVX
RORC,P51449,6J1L
RORC,P51449,6J3N
RORC,P51449,6LO9
RORC,P51449,6LOA
RORC,P51449,6LOB
RORC,P51449,6LOC
RORC,P51449,6NAD
RORC,P51449,6NWS
RORC,P51449,6NWT
RORC,P51449,6NWU
RORC,P51449,6O3Z
RORC,P51449,6O98
RORC,P51449,6P9F
RORC,P51449,6Q2W
RORC,P51449,6Q6M
RORC,P51449,6Q6O
RORC,P51449,6Q7A
RORC,P51449,6Q7H
RORC,P51449,6R7A
RORC,P51449,6R7J
RORC,P51449,6R7K
RORC,P51449,6SAL
RORC,P51449,6SLZ
RORC,P51449,6T4G
RORC,P51449,6T4I
RORC,P51449,6T4J
RORC,P51449,6T4K
RORC,P51449,6T4T
RORC,P51449,6T4U
RORC,P51449,6T4W
RORC,P51449,6T4X
RORC,P51449,6T4Y
RORC,P51449,6T50
RORC,P51449,6TLM
RORC,P51449,6TLQ
RORC,P51449,6TLT
RORC,P51449,6U25
RORC,P51449,6UCG
RORC,P51449,6VQF
RORC,P51449,6VSW
RORC,P51449,6W9H
RORC,P51449,6W9I
RORC,P51449,6XAE
RORC,P51449,6XFV
RORC,P51449,7E3M
RORC,P51449,7JH2
RORC,P51449,7JTM
RORC,P51449,7JTW
RORC,P51449,7JYM
RORC,P51449,7KCO
RORC,P51449,7KQJ
RORC,P51449,7KXD
RORC,P51449,7KXE
RORC,P51449,7KXF
RORC,P51449,7LUK
RORC,P51449,7NEC
RORC,P51449,7NP5
RORC,P51449,7NP6
RORC,P51449,7NPC
RORC,P51449,7OFI
RORC,P51449,7OFK
RORC,P51449,7QP4
RORC,P51449,7W3P
RORC,P51449,7W3Q
RORC,P51449,7XQE
RORC,P51449,8FAV
RORC,P51449,8FB1
RORC,P51449,8FB2
RORC,P51449,8GXP
RORC,P51449,8X7E
RORC,P51449,8XU5
RORC,P51449,9N9L
RORC,P51449,9VNX
RORC,P51449,9VZQ
RORC,P51449,9XMJ
RXRA,P19793,1BY4
RXRA,P19793,1DSZ
RXRA,P19793,1FBY
RXRA,P19793,1FM6
RXRA,P19793,1FM9
RXRA,P19793,1G1U
RXRA,P19793,1G5Y
RXRA,P19793,1K74
RXRA,P19793,1MV9
RXRA,P19793,1MVC
RXRA,P19793,1MZN
RXRA,P19793,1R0N
RXRA,P19793,1RDT
RXRA,P19793,1RXR
RXRA,P19793,1XLS
RXRA,P19793,1XV9
RXRA,P19793,1XVP
RXRA,P19793,1YNW
RXRA,P19793,2ACL
RXRA,P19793,2NLL
RXRA,P19793,2P1T
RXRA,P19793,2P1U
RXRA,P19793,2P1V
RXRA,P19793,2ZXZ
RXRA,P19793,2ZY0
RXRA,P19793,3DZU
RXRA,P19793,3DZY
RXRA,P19793,3E00
RXRA,P19793,3E94
RXRA,P19793,3FAL
RXRA,P19793,3FC6
RXRA,P19793,3FUG
RXRA,P19793,3H0A
RXRA,P19793,3KWY
RXRA,P19793,3NSP
RXRA,P19793,3NSQ
RXRA,P19793,3OAP
RXRA,P19793,3OZJ
RXRA,P19793,3PCU
RXRA,P19793,3R29
RXRA,P19793,3R2A
RXRA,P19793,3R5M
RXRA,P19793,3UVV
RXRA,P19793,4CN2
RXRA,P19793,4CN3
RXRA,P19793,4CN5
RXRA,P19793,4CN7
RXRA,P19793,4J5W
RXRA,P19793,4J5X
RXRA,P19793,4K4J
RXRA,P19793,4K6I
RXRA,P19793,4M8E
RXRA,P19793,4M8H
RXRA,P19793,4N5G
RXRA,P19793,4N8R
RXRA,P19793,4NQA
RXRA,P19793,4OC7
RXRA,P19793,4POH
RXRA,P19793,4POJ
RXRA,P19793,4PP3
RXRA,P19793,4PP5
RXRA,P19793,4RFW
RXRA,P19793,4RMC
RXRA,P19793,4RMD
RXRA,P19793,4RME
RXRA,P19793,4ZO1
RXRA,P19793,4ZSH
RXRA,P19793,5EC9
RXRA,P19793,5JI0
RXRA,P19793,5LYQ
RXRA,P19793,5MJ5
RXRA,P19793,5MK4
RXRA,P19793,5MKJ
RXRA,P19793,5MKU
RXRA,P19793,5MMW
RXRA,P19793,5TBP
RXRA,P19793,5UAN
RXRA,P19793,5Z12
RXRA,P19793,5ZQU
RXRA,P19793,6A5Y
RXRA,P19793,6A5Z
RXRA,P19793,6A60
RXRA,P19793,6FBQ
RXRA,P19793,6FBR
RXRA,P19793,6HN6
RXRA,P19793,6JNO
RXRA,P19793,6JNR
RXRA,P19793,6L6K
RXRA,P19793,6LB4
RXRA,P19793,6LB5
RXRA,P19793,6LB6
RXRA,P19793,6SJM
RXRA,P19793,6STI
RXRA,P19793,6XWG
RXRA,P19793,6XWH
RXRA,P19793,7A77
RXRA,P19793,7B88
RXRA,P19793,7B9O
RXRA,P19793,7BK4
RXRA,P19793,7CFO
RXRA,P19793,7NKE
RXRA,P19793,7UW2
RXRA,P19793,7UW4
RXRA,P19793,8HBM
RXRA,P19793,8PP0
RXRA,P19793,9QJ9
RXRA,P19793,9QX6
RXRA,P19793,9RMR
RXRA,P19793,9S70
RXRA,P19793,9S71
RXRB,P28702,1H9U
RXRB,P28702,1UHL
RXRB,P28702,5HJP
RXRB,P28702,5I4V
RXRB,P28702,5KYA
RXRB,P28702,5KYJ
RXRB,P28702,7A78
RXRG,P48443,2GL8
RXRG,P48443,7A79
SF1,Q13285,1YOW
SF1,Q13285,1ZDT
SF1,Q13285,4QJR
SF1,Q13285,4QK4
SF1,Q13285,7KHT
SF1,Q13285,8DAF
SHP,Q15466,1YUC
SHP,Q15466,2Q3Y
SHP,Q15466,2Z4J
SHP,Q15466,4DOR
SHP,Q15466,4ONI
SHP,Q15466,5UFS
SHP,Q15466,6W9M
SHP,Q15466,7YXC
SHP,Q15466,7YXD
SHP,Q15466,7YXN
SHP,Q15466,7YXO
SHP,Q15466,7YXP
SHP,Q15466,7YXR
SHP,Q15466,9HDF
THRA,P10827,1NAV
THRA,P10827,2H77
THRA,P10827,2H79
THRA,P10827,3HZF
THRA,P10827,3ILZ
THRA,P10827,3JZB
THRA,P10827,4LNW
THRA,P10827,4LNX
THRA,P10827,7QDT
THRA,P10827,8RQO
THRB,P10828,1BSX
THRB,P10828,1N46
THRB,P10828,1NAX
THRB,P10828,1NQ0
THRB,P10828,1NQ1
THRB,P10828,1NQ2
THRB,P10828,1NUO
THRB,P10828,1Q4X
THRB,P10828,1R6G
THRB,P10828,1XZX
THRB,P10828,1Y0X
THRB,P10828,2J4A
THRB,P10828,2NLL
THRB,P10828,2PIN
THRB,P10828,3D57
THRB,P10828,3GWS
THRB,P10828,3IMY
THRB,P10828,3JZC
THRB,P10828,4ZO1
THRB,P10828,6KKB
THRB,P10828,6KKE
THRB,P10828,6KNU
THRB,P10828,6KNV
THRB,P10828,6KNW
THRB,P10828,7WLX
THRB,P10828,7WMG
THRB,P10828,7WMH
THRB,P10828,7WMJ
THRB,P10828,7WML
THRB,P10828,7WMN
THRB,P10828,7WMO
THRB,P10828,8RQN
THRB,P10828,9IX5
THRB,P10828,9J0K
TLX,Q9Y466,4XAJ
VDR,P11473,1DB1
VDR,P11473,1IE8
VDR,P11473,1IE9
VDR,P11473,1KB2
VDR,P11473,1KB4
VDR,P11473,1KB6
VDR,P11473,1S0Z
VDR,P11473,1S19
VDR,P11473,1TXI
VDR,P11473,1YNW
VDR,P11473,2HAM
VDR,P11473,2HAR
VDR,P11473,2HAS
VDR,P11473,2HB7
VDR,P11473,2HB8
VDR,P11473,3A2I
VDR,P11473,3A2J
VDR,P11473,3A3Z
VDR,P11473,3A40
VDR,P11473,3A78
VDR,P11473,3AUQ
VDR,P11473,3AUR
VDR,P11473,3AX8
VDR,P11473,3AZ1
VDR,P11473,3AZ2
VDR,P11473,3AZ3
VDR,P11473,3B0T
VDR,P11473,3CS4
VDR,P11473,3CS6
VDR,P11473,3KPZ
VDR,P11473,3M7R
VDR,P11473,3OGT
VDR,P11473,3P8X
VDR,P11473,3TKC
VDR,P11473,3VHW
VDR,P11473,3W0A
VDR,P11473,3W0C
VDR,P11473,3W0Y
VDR,P11473,3WGP
VDR,P11473,3WWR
VDR,P11473,3X31
VDR,P11473,3X36
VDR,P11473,4G2I
VDR,P11473,4ITE
VDR,P11473,4ITF
VDR,P11473,5GT4
VDR,P11473,5V39
VDR,P11473,5YSY
VDR,P11473,5YT2
VDR,P11473,7QPP
VDR,P11473,8IQN
VDR,P11473,8IQT
