receptor,uniprot_id,n_pdb_structures
ESR1,P03372,493
PPARG,P37231,380
RORC,P51449,162
RXRA,P19793,110
AR,P10275,95
FXR,Q96RI1,92
PXR,O75469,80
PPARA,Q07869,79
GR,P04150,58
PPARD,Q03181,56
VDR,P11473,52
ESRRG,P62508,43
ESR2,Q92731,39
THRB,P10828,34
MR,P08235,30
LRH1,O00482,29
LXR_BETA,P55055,25
NUR77,P22736,22
PR,P06401,21
SHP,Q15466,14
RARA,P10276,14
RARG,P13631,11
THRA,P10827,10
RARB,P10826,9
HNF4A,P41235,8
NURR1,P43354,8
LXR_ALPHA,Q13133,7
RXRB,P28702,7
SF1,Q13285,6
REV_ERB_BETA,Q14995,6
ESRRA,P11474,6
REV_ERB_ALPHA,P20393,5
RORA,P35398,3
ESRRB,O95718,3
CAR,Q14994,2
RXRG,P48443,2
EAR2,P10588,1
DAX1,P51843,1
COUP_TF1,P10589,1
COUP_TF2,P24468,1
PNR,Q9Y5X4,1
NOR1,Q92570,1
HNF4G,Q14541,1
TLX,Q9Y466,1
